DROP TABLE IF EXISTS "Account";
CREATE TABLE "Account" ("USERNAME" VARCHAR PRIMARY KEY  NOT NULL  DEFAULT (null) ,"PASSWORD" VARCHAR NOT NULL ,"ID" VARCHAR NOT NULL  DEFAULT (null) ,"ACTIVE" BOOL NOT NULL  DEFAULT (null) );
INSERT INTO "Account" VALUES('minh.nhat','123321','LB0001',0);
INSERT INTO "Account" VALUES('minh.nguyet.a','blablabla','LB0002',0);
INSERT INTO "Account" VALUES('minh.nguyet.b','quantaucaibong','LB0002',0);
INSERT INTO "Account" VALUES('lam.y.than','zzzZZZzzz','LB0003',0);
INSERT INTO "Account" VALUES('minh.giao','qwerty','LB0004',0);
DROP TABLE IF EXISTS "AccountRoleMap";
CREATE TABLE "AccountRoleMap" ("ACCOUNT NO" VARCHAR NOT NULL ,"ROLE ID" VARCHAR);
INSERT INTO "AccountRoleMap" VALUES('minh.nhat','S0001');
INSERT INTO "AccountRoleMap" VALUES('minh.nguyet.a','S0002');
INSERT INTO "AccountRoleMap" VALUES('minh.nguyet.b','S0003');
INSERT INTO "AccountRoleMap" VALUES('lam.y.than','S0004');
INSERT INTO "AccountRoleMap" VALUES('minh.giao','S0005');
DROP TABLE IF EXISTS "BOOKS";
CREATE TABLE "BOOKS" ("BOOKID" VARCHAR NOT NULL ,"BNAME" VARCHAR NOT NULL  DEFAULT (null) ,"PUBLISHEDDATE" DATETIME NOT NULL ,"AUTHOR" VARCHAR NOT NULL ,"PUBLISHER" VARCHAR,"KIND" VARCHAR NOT NULL );
INSERT INTO "BOOKS" VALUES('BK0001','Nikola Tesla: Imagination and the Man That Invented the 20th Century','18/3/2013 ','Sean Patrick','Oculus','Science & Technology');
INSERT INTO "BOOKS" VALUES('BK0002','Rapid Development','2/7/1996 ','Steve McConnell','Microsoft Press','Computers & Technology');
INSERT INTO "BOOKS" VALUES('BK0003','The Boost C++ Libraries','1/1/2011 ','Boris Schäling','Boris Schäling','Computers & Technology');
INSERT INTO "BOOKS" VALUES('BK0004','C# Programming in easy steps','12/12/2016 ','Mike McGrath','In Easy Steps','Computers & Technology');
INSERT INTO "BOOKS" VALUES('BK0005','Python in easy steps','25/7/2013','Mike McGrath','In Easy Steps','Computers & Technology');
DROP TABLE IF EXISTS "ROLE";
CREATE TABLE "ROLE" ("ROLE ID" VARCHAR NOT NULL  DEFAULT (null) ,"ROLE DESC" VARCHAR NOT NULL  DEFAULT (null) );
INSERT INTO "ROLE" VALUES('S0001','READER');
INSERT INTO "ROLE" VALUES('S0002','LIBRARIAN');
INSERT INTO "ROLE" VALUES('S0002','USER_MANAGER');
INSERT INTO "ROLE" VALUES('S0003','FINANCIAL_OFFICER');
INSERT INTO "ROLE" VALUES('S0004','USER_MANAGER');
INSERT INTO "ROLE" VALUES('S0005','READER');
DROP TABLE IF EXISTS "User";
CREATE TABLE "User" ("UserID" VARCHAR PRIMARY KEY  NOT NULL ,"UserName" VARCHAR, "GENDER" VARCHAR, "DAY OF BIRTH" DATETIME, "ID/STUDENT ID" VARCHAR, "CAREER" VARCHAR);
INSERT INTO "User" VALUES('LB0001','Minh Nhật','Male','12/2/1996','161252753','Doctor');
INSERT INTO "User" VALUES('LB0002','Minh Nguyệt','Female','22/1/1995','254236892','Librarian');
INSERT INTO "User" VALUES('LB0003','Lâm Y Thần','Female','2/6/1995','254235792','Staff');
INSERT INTO "User" VALUES('LB0004','Minh Giáo','Male','2/11/1990','234151792','Engineer');
